Location_id,City,Address
1,New York,Broadway
2,Los Angeles, Hollywood Blvd
3,Chicago,Michiagen Ave
4,Houston,Lamar St
5,San Francisco,California St
6,Orlando,Sea World
7,Boston,Isabell Stewart Garden
8,Seattle,Pike Place Market
9,Miami,Wynwood Zoo
10,Denver,Denver Botonic Garden
11,San Diego,Balboa Park
12,Atlana,Atlanta Botonical Garden 
13,Nashville,Country Music Hall
14,New Orleans,Jackson Square
15,Pittsburgh,Caf� Street
16,Detroit,Belle Isle Park
17,Portland ,Portland Japanese Garden
18,Kansas City,Basketball Mueseum
